{"cameraMode":{"drawMode":0,"name":"Shaded","section":"Shading Mode"},"sceneLighting":true,"audioPlay":false,"sceneViewState":{"m_AlwaysRefresh":false,"showFog":true,"showSkybox":true,"showFlares":true,"showImageEffects":true,"showParticleSystems":true,"showVisualEffectGraphs":true,"m_FxEnabled":true},"in2DMode":false,"pivot":{"x":-1.0278187990188599,"y":2.1568000316619875,"z":27.400527954101564},"rotation":{"x":0.02940489910542965,"y":0.014677396975457669,"z":-0.0008626615162938833,"w":0.999799370765686},"size":43.32166290283203,"orthographic":false}